{
  "Iran": 1789.1774996880058,
  "North Korea": 1504.7293577798741,
  "Syria": 1561.1182250649344,
  "Zimbabwe": 1451.0852148898311,
  "Yemen": 1369.6843668004972,
  "Tajikistan": 1487.481991522908,
  "Qatar": 1576.1216161760126,
  "Mali": 1654.970409477476,
  "Angola": 1617.4047349158323,
  "Gambia": 1511.685013579234,
  "Gabon": 1569.5066903988604,
  "Mozambique": 1495.9981509784072,
  "Egypt": 1687.4070506298415,
  "Tanzania": 1438.2388047278869,
  "Ivory Coast": 1687.70792559948,
  "Ghana": 1569.0926832222442,
  "Malawi": 1376.3579710894173,
  "Benin": 1503.728063363027,
  "Libya": 1555.8154975149332,
  "Nigeria": 1660.097923361236,
  "Zambia": 1470.6328595842804,
  "Thailand": 1583.839863669899,
  "Jordan": 1669.9313397155074,
  "United Arab Emirates": 1641.400042252065,
  "Malaysia": 1576.4069481055178,
  "Bahrain": 1508.2248052535326,
  "Hong Kong": 1412.460890301536,
  "Lebanon": 1509.5280131519073,
  "Vietnam": 1564.76260959599,
  "Indonesia": 1510.6067167383449,
  "Oman": 1612.902662648456,
  "China": 1534.393720648642,
  "Kuwait": 1496.334727509966,
  "Australia": 1769.0757899555142,
  "Japan": 1867.4982975042271,
  "Singapore": 1417.39450911242,
  "Rwanda": 1447.5903937761336,
  "South Korea": 1821.237489386654,
  "Kenya": 1478.5484113365123,
  "Cameroon": 1626.1753745749577,
  "Tunisia": 1702.8966446765587,
  "Algeria": 1781.257680703692,
  "Burkina Faso": 1634.7468797912068,
  "Taiwan": 1277.2823855949355,
  "Philippines": 1422.917395638671,
  "Finland": 1468.0797146794448,
  "Poland": 1688.6012846289932,
  "Sweden": 1637.3946574050167,
  "Chile": 1673.4238031724044,
  "Panama": 1718.8442594293313,
  "Latvia": 1309.7161714971853,
  "South Africa": 1645.312689157686,
  "Eswatini": 1439.8692767836264,
  "United States": 1792.8538162204775,
  "Honduras": 1613.1013283388515,
  "Argentina": 1964.4812598459732,
  "Costa Rica": 1667.9916733072273,
  "Jamaica": 1626.2964210578177,
  "Canada": 1782.1664973123823,
  "Venezuela": 1657.7240158339218,
  "Sri Lanka": 1222.7477269278234,
  "Myanmar": 1298.926579696583,
  "Bangladesh": 1300.925938354633,
  "Kyrgyzstan": 1485.78596521776,
  "India": 1397.168356413696,
  "Turkmenistan": 1434.3990742771539,
  "Kosovo": 1625.0936778844498,
  "Albania": 1595.9735648505373,
  "Mexico": 1775.3890798668015,
  "Bolivia": 1574.640476058918,
  "El Salvador": 1465.4848298186214,
  "Azerbaijan": 1357.2520560287778,
  "Cura\u00e7ao": 1559.756731113058,
  "Bonaire": 1256.9209961838933,
  "Brazil": 1858.8839897501857,
  "Ireland": 1612.070666662182,
  "Guadeloupe": 1523.2187410333493,
  "Saint Kitts and Nevis": 1352.8351838698538,
  "Hungary": 1640.0761225505958,
  "Russia": 1747.991461618863,
  "Turkey": 1749.1125454521898,
  "Switzerland": 1768.946074443031,
  "Uruguay": 1789.3615029165353,
  "Germany": 1822.7421338201232,
  "Scotland": 1668.7155128817126,
  "Czech Republic": 1659.5644443204467,
  "Wales": 1636.8218334616085,
  "Northern Ireland": 1524.6548661248669,
  "Austria": 1715.2180542717365,
  "Denmark": 1754.5879329756713,
  "Belgium": 1748.848425609701,
  "Croatia": 1805.9348952427363,
  "New Zealand": 1621.162781406902,
  "Slovakia": 1599.2550305835043,
  "Norway": 1756.2961991235109,
  "Malta": 1336.4792330724417,
  "Luxembourg": 1388.724124241654,
  "Georgia": 1571.9606402280613,
  "Estonia": 1369.398361718616,
  "Bulgaria": 1438.2736926464531,
  "Romania": 1572.9370913804987,
  "Israel": 1536.0597825786558,
  "Belarus": 1454.7288819907958,
  "Armenia": 1375.6206097259594,
  "Cyprus": 1321.8665461673274,
  "Iceland": 1513.6339228946692,
  "North Macedonia": 1525.8113329273467,
  "Montenegro": 1446.4426491430888,
  "Moldova": 1326.1156329809198,
  "Kazakhstan": 1376.2493175174163,
  "France": 1893.420257514802,
  "Spain": 1971.6300940981014,
  "Guatemala": 1594.101947642498,
  "Italy": 1790.5987532324452,
  "Portugal": 1842.6588715422135,
  "Uzbekistan": 1791.746052870265,
  "Slovenia": 1652.7150929560669,
  "Namibia": 1445.4590498210596,
  "Uganda": 1524.4334524207216,
  "DR Congo": 1654.1283882862874,
  "Bosnia and Herzegovina": 1520.3255711426857,
  "Netherlands": 1827.294176584708,
  "Greece": 1670.0507380996817,
  "Senegal": 1796.5756730622204,
  "Serbia": 1677.6141787775891,
  "Botswana": 1450.333913142756,
  "England": 1868.4531992265465,
  "Sierra Leone": 1443.0114628647643,
  "Guinea": 1546.376274716764,
  "Niger": 1473.796814549532,
  "Faroe Islands": 1359.4736287554929,
  "Martinique": 1480.2835142627218,
  "Haiti": 1624.0196053686304,
  "Paraguay": 1720.0280024464496,
  "Trinidad and Tobago": 1540.5239202138073,
  "Ecuador": 1814.732645178929,
  "Togo": 1460.4948199513049,
  "Aruba": 1336.5321212692995,
  "Saudi Arabia": 1694.0748989631836,
  "Cape Verde": 1635.4905231931345,
  "Ukraine": 1691.2561184017916,
  "Lithuania": 1284.6005733650074,
  "Colombia": 1882.8697020720665,
  "Andorra": 1165.8160744327517,
  "Grenada": 1413.7234070071333,
  "Sudan": 1452.4858910439136,
  "Palestine": 1548.687832382763,
  "Northern Mariana Islands": 1245.6704038855357,
  "Guam": 1273.4492099025242,
  "Chad": 1288.7075478150728,
  "Saint Martin": 1343.561591278631,
  "Saint Barthelemy": 1453.2857660635914,
  "Antigua and Barbuda": 1271.242364277403,
  "Anguilla": 1230.8611685084154,
  "Liechtenstein": 1052.78367887475,
  "Mauritania": 1447.8933933240592,
  "Congo": 1360.8649671632593,
  "Morocco": 1857.606423512581,
  "Equatorial Guinea": 1551.2571844527433,
  "Ethiopia": 1406.2434606730749,
  "Madagascar": 1483.9647594422147,
  "Mayotte": 1483.284195562544,
  "Saint Lucia": 1323.7378214906976,
  "Comoros": 1496.591595945807,
  "San Marino": 1010.082990429007,
  "Central African Republic": 1382.9795013139849,
  "Nicaragua": 1484.6389428644695,
  "Peru": 1621.4886620122563,
  "Mauritius": 1313.4156716554942,
  "Guinea-Bissau": 1385.6193095578953,
  "Burundi": 1394.8377645173084,
  "Liberia": 1399.0694988689938,
  "St Vincent & Grenadines": 1447.6229356946176,
  "Belize": 1435.9401648735748,
  "French Guiana": 1438.6819134805671,
  "Suriname": 1567.5870083080715,
  "Iraq": 1704.6939251675128,
  "British Virgin Islands": 1229.1351685072843,
  "Reunion": 1573.0596681737677,
  "Saint Pierre and Miquelon": 1415.9392230312446,
  "Tahiti": 1520.7846255288023,
  "New Caledonia": 1548.575282649541,
  "Barbados": 1288.538204436963,
  "Dominica": 1274.1775837580276,
  "Guyana": 1489.2333783979286,
  "Puerto Rico": 1431.5910966951765,
  "Cayman Islands": 1287.3829893855532,
  "Montserrat": 1358.2801541846693,
  "Macao": 1168.3601295749272,
  "Maldives": 1233.9596015022046,
  "Dominican Republic": 1522.089593983267,
  "East Timor": 1156.598185781893,
  "Laos": 1186.947795607565,
  "Cambodia": 1243.9879527227158,
  "Cuba": 1453.106952113643,
  "Afghanistan": 1304.133777036203,
  "Zanzibar": 1453.1501795312677,
  "Somalia": 1279.9377240860222,
  "Vanuatu": 1439.3794631728404,
  "Mongolia": 1216.821694048246,
  "Gibraltar": 1146.7417423764107,
  "Nepal": 1262.1067755626045,
  "Bhutan": 1136.6819351665313,
  "Pakistan": 1214.2534717078752,
  "US Virgin Islands": 1224.2571362125318,
  "Turks and Caicos Islands": 1290.2497376462184,
  "Bahamas": 1177.8693170323897,
  "Solomon Islands": 1436.1386818947872,
  "Fiji": 1456.8688017006655,
  "Seychelles": 1122.5688756390866,
  "Samoa": 1383.9694982409785,
  "Eritrea": 1368.0551956984848,
  "Lesotho": 1352.4666203592374,
  "Tuvalu": 1429.6761563824525,
  "American Samoa": 1335.1634622890756,
  "Papua New Guinea": 1480.8276904535012,
  "Cook Islands": 1367.7379120893675,
  "Kiribati": 1440.7925524963557,
  "Bermuda": 1384.1957891655845,
  "Djibouti": 1238.3373352466613,
  "S\u00e3o Tom\u00e9 and Pr\u00edncipe": 1264.4619877596965,
  "Tonga": 1302.4431654985058,
  "Kurdistan": 1514.338773720686,
  "Northern Cyprus": 1515.1863695404643,
  "South Sudan": 1312.502647589034,
  "Brunei": 1221.7756565320392,
  "Greenland": 1433.2434030220231,
  "Falkland Islands": 1484.916403697647,
  "Sint Maarten": 1391.8944090668683,
  "Swaziland": 1352.0145944008455,